Date,Visitors
2018-01-31,3732
2018-02-27,3607
2018-03-31,2653
2018-04-30,4264
2018-05-31,1835
2018-06-30,1763
2018-07-31,2731
2018-08-31,4431
2018-09-30,2033
2018-10-31,4795
2018-11-30,1277
2018-12-31,2778
2019-01-31,2828
2019-02-27,3647
2019-03-31,4142
2019-04-30,4544
2019-05-31,3648
2019-06-30,4468
2019-07-31,3362
2019-08-31,1705
2019-09-30,4558
2019-10-31,3599
2019-11-30,3135
2019-12-31,3222
2020-01-31,4672
2020-02-27,3897
2020-03-31,2701
2020-04-30,1537
2020-05-31,3893
2020-06-30,3120
2020-07-31,3825
2020-08-31,2940
2020-09-30,3163
2020-10-31,1976
2020-11-30,1755
2020-12-31,4781
2021-01-31,3046
2021-02-27,2871
2021-03-31,4503
2021-04-30,3496
2021-05-31,3898
2021-06-30,1099
2021-07-31,3008
2021-08-31,4249
2021-09-30,1755
2021-10-31,1797
2021-11-30,1659
2021-12-31,4219
2022-01-31,3958
2022-02-27,1423
2022-03-31,4360
2022-04-30,4337
2022-05-31,3745
2022-06-30,1639
2022-07-31,1544
2022-08-31,3591
2022-09-30,1714
2022-10-31,3292
2022-11-30,1151
2022-12-31,3723
